<?xml version="1.0"?>
<projectProfile type="default" version="1.12.3">
  <projectDirectory>
    <projectProfileFile filesystemName=".zfproject.xml"/>
    <applicationDirectory classNamePrefix="Application_">
      <configsDirectory>
        <applicationConfigFile type="ini"/>
      </configsDirectory>
      <controllersDirectory>
        <controllerFile controllerName="Index">
          <actionMethod actionName="index"/>
          <actionMethod actionName="getPatient"/>
          <actionMethod actionName="runThrough"/>
        </controllerFile>
        <controllerFile controllerName="Error"/>
        <controllerFile controllerName="Patient">
          <actionMethod actionName="index"/>
          <actionMethod actionName="create"/>
          <actionMethod actionName="edit"/>
          <actionMethod actionName="getpatients"/>
          <actionMethod actionName="list"/>
          <actionMethod actionName="editMaxim"/>
          <actionMethod actionName="saveMaxim"/>
          <actionMethod actionName="editDistraction"/>
          <actionMethod actionName="saveDistraction"/>
          <actionMethod actionName="runThrough"/>
        </controllerFile>
        <controllerFile controllerName="Auth">
          <actionMethod actionName="index"/>
          <actionMethod actionName="login"/>
          <actionMethod actionName="logout"/>
        </controllerFile>
        <controllerFile controllerName="Maxim">
          <actionMethod actionName="index"/>
          <actionMethod actionName="getmaxims"/>
          <actionMethod actionName="save"/>
          <actionMethod actionName="delete"/>
        </controllerFile>
        <controllerFile controllerName="Distraction">
          <actionMethod actionName="index"/>
          <actionMethod actionName="getDistractions"/>
          <actionMethod actionName="save"/>
          <actionMethod actionName="delete"/>
        </controllerFile>
        <controllerFile controllerName="ContactPoint">
          <actionMethod actionName="index"/>
          <actionMethod actionName="create"/>
          <actionMethod actionName="edit"/>
          <actionMethod actionName="delete"/>
          <actionMethod actionName="getcontactpoints"/>
        </controllerFile>
        <controllerFile controllerName="EmergencyCase">
          <actionMethod actionName="index"/>
          <actionMethod actionName="create"/>
          <actionMethod actionName="edit"/>
          <actionMethod actionName="runThrough"/>
        </controllerFile>
        <controllerFile controllerName="App">
          <actionMethod actionName="index"/>
          <actionMethod actionName="test"/>
          <actionMethod actionName="getContactpoints"/>
          <actionMethod actionName="getContactpointTimestamp"/>
        </controllerFile>
        <controllerFile controllerName="PatientRunThrough">
          <actionMethod actionName="index"/>
          <actionMethod actionName="emergencyCase"/>
          <actionMethod actionName="maxim"/>
          <actionMethod actionName="runThrough"/>
        </controllerFile>
      </controllersDirectory>
      <formsDirectory>
        <formFile formName="Patient"/>
        <formFile formName="Login"/>
        <formFile formName="Maxim"/>
        <formFile formName="Distraction"/>
        <formFile formName="ContactPoint"/>
        <formFile formName="EmergencyCase"/>
      </formsDirectory>
      <layoutsDirectory>
        <layoutScriptsDirectory>
          <layoutScriptFile layoutName="layout"/>
        </layoutScriptsDirectory>
      </layoutsDirectory>
      <modelsDirectory>
        <dbTableDirectory>
          <dbTableFile dbTableName="Patient"/>
          <dbTableFile dbTableName="Maxim"/>
          <dbTableFile dbTableName="MaximHasPatient"/>
          <dbTableFile dbTableName="User"/>
          <dbTableFile dbTableName="Emotion"/>
          <dbTableFile dbTableName="Distraction"/>
          <dbTableFile dbTableName="DistractionHasPatient"/>
          <dbTableFile dbTableName="ContactPoint"/>
          <dbTableFile dbTableName="EmergencyCase"/>
          <dbTableFile dbTableName="EcLimitRelapse"/>
          <dbTableFile dbTableName="EcRiskSituation"/>
          <dbTableFile dbTableName="EcHelpPerson"/>
          <dbTableFile dbTableName="EcSafetyAction"/>
          <dbTableFile dbTableName="EcSafetyThought"/>
        </dbTableDirectory>
        <modelFile modelName="PatientMapper"/>
        <modelFile modelName="Patient"/>
        <modelFile modelName="Maxim"/>
        <modelFile modelName="MaximHasPatient"/>
        <modelFile modelName="User"/>
        <modelFile modelName="Emotion"/>
        <modelFile modelName="Distraction"/>
        <modelFile modelName="DistractionHasPatient"/>
        <modelFile modelName="ContactPoint"/>
        <modelFile modelName="ContactPointMapper"/>
        <modelFile modelName="EmergencyCase"/>
        <modelFile modelName="EcLimitRelapse"/>
        <modelFile modelName="EcRiskSituation"/>
        <modelFile modelName="EcHelpPerson"/>
        <modelFile modelName="EcSafetyThought"/>
        <modelFile modelName="EcSafetyAction"/>
      </modelsDirectory>
      <modulesDirectory enabled="false"/>
      <viewsDirectory>
        <viewScriptsDirectory>
          <viewControllerScriptsDirectory forControllerName="Index">
            <viewScriptFile forActionName="index"/>
          </viewControllerScriptsDirectory>
          <viewControllerScriptsDirectory forControllerName="Error">
            <viewScriptFile forActionName="error"/>
          </viewControllerScriptsDirectory>
          <viewControllerScriptsDirectory forControllerName="Patient">
            <viewScriptFile forActionName="index"/>
          </viewControllerScriptsDirectory>
          <viewControllerScriptsDirectory forControllerName="Patient">
            <viewScriptFile forActionName="create"/>
          </viewControllerScriptsDirectory>
          <viewControllerScriptsDirectory forControllerName="Auth">
            <viewScriptFile forActionName="index"/>
          </viewControllerScriptsDirectory>
          <viewControllerScriptsDirectory forControllerName="Auth">
            <viewScriptFile forActionName="login"/>
          </viewControllerScriptsDirectory>
          <viewControllerScriptsDirectory forControllerName="Auth">
            <viewScriptFile forActionName="logout"/>
          </viewControllerScriptsDirectory>
          <viewControllerScriptsDirectory forControllerName="Patient">
            <viewScriptFile forActionName="edit"/>
          </viewControllerScriptsDirectory>
          <viewControllerScriptsDirectory forControllerName="Maxim">
            <viewScriptFile forActionName="index"/>
          </viewControllerScriptsDirectory>
          <viewControllerScriptsDirectory forControllerName="Distraction">
            <viewScriptFile forActionName="index"/>
          </viewControllerScriptsDirectory>
          <viewControllerScriptsDirectory forControllerName="Patient">
            <viewScriptFile forActionName="getpatients"/>
          </viewControllerScriptsDirectory>
          <viewControllerScriptsDirectory forControllerName="Patient">
            <viewScriptFile forActionName="list"/>
          </viewControllerScriptsDirectory>
          <viewControllerScriptsDirectory forControllerName="Maxim">
            <viewScriptFile forActionName="edit"/>
          </viewControllerScriptsDirectory>
          <viewControllerScriptsDirectory forControllerName="Maxim">
            <viewScriptFile forActionName="create"/>
          </viewControllerScriptsDirectory>
          <viewControllerScriptsDirectory forControllerName="Maxim">
            <viewScriptFile forActionName="list"/>
          </viewControllerScriptsDirectory>
          <viewControllerScriptsDirectory forControllerName="Maxim">
            <viewScriptFile forActionName="getmaxims"/>
          </viewControllerScriptsDirectory>
          <viewControllerScriptsDirectory forControllerName="Maxim">
            <viewScriptFile forActionName="save"/>
          </viewControllerScriptsDirectory>
          <viewControllerScriptsDirectory forControllerName="Maxim">
            <viewScriptFile forActionName="delete"/>
          </viewControllerScriptsDirectory>
          <viewControllerScriptsDirectory forControllerName="Patient">
            <viewScriptFile forActionName="editMaxim"/>
          </viewControllerScriptsDirectory>
          <viewControllerScriptsDirectory forControllerName="Patient">
            <viewScriptFile forActionName="saveMaxim"/>
          </viewControllerScriptsDirectory>
          <viewControllerScriptsDirectory forControllerName="Distraction">
            <viewScriptFile forActionName="getDistractions"/>
          </viewControllerScriptsDirectory>
          <viewControllerScriptsDirectory forControllerName="Distraction">
            <viewScriptFile forActionName="save"/>
          </viewControllerScriptsDirectory>
          <viewControllerScriptsDirectory forControllerName="Distraction">
            <viewScriptFile forActionName="delete"/>
          </viewControllerScriptsDirectory>
          <viewControllerScriptsDirectory forControllerName="Patient">
            <viewScriptFile forActionName="editDistraction"/>
          </viewControllerScriptsDirectory>
          <viewControllerScriptsDirectory forControllerName="Patient">
            <viewScriptFile forActionName="saveDistraction"/>
          </viewControllerScriptsDirectory>
          <viewControllerScriptsDirectory forControllerName="ContactPoint">
            <viewScriptFile forActionName="index"/>
          </viewControllerScriptsDirectory>
          <viewControllerScriptsDirectory forControllerName="ContactPoint">
            <viewScriptFile forActionName="create"/>
          </viewControllerScriptsDirectory>
          <viewControllerScriptsDirectory forControllerName="ContactPoint">
            <viewScriptFile forActionName="edit"/>
          </viewControllerScriptsDirectory>
          <viewControllerScriptsDirectory forControllerName="ContactPoint">
            <viewScriptFile forActionName="delete"/>
          </viewControllerScriptsDirectory>
          <viewControllerScriptsDirectory forControllerName="ContactPoint">
            <viewScriptFile forActionName="getcontactpoints"/>
          </viewControllerScriptsDirectory>
          <viewControllerScriptsDirectory forControllerName="EmergencyCase">
            <viewScriptFile forActionName="index"/>
          </viewControllerScriptsDirectory>
          <viewControllerScriptsDirectory forControllerName="EmergencyCase">
            <viewScriptFile forActionName="create"/>
          </viewControllerScriptsDirectory>
          <viewControllerScriptsDirectory forControllerName="EmergencyCase">
            <viewScriptFile forActionName="edit"/>
          </viewControllerScriptsDirectory>
          <viewControllerScriptsDirectory forControllerName="App">
            <viewScriptFile forActionName="index"/>
          </viewControllerScriptsDirectory>
          <viewControllerScriptsDirectory forControllerName="Index">
            <viewScriptFile forActionName="getPatient"/>
          </viewControllerScriptsDirectory>
          <viewControllerScriptsDirectory forControllerName="app">
            <viewScriptFile forActionName="getPatient"/>
          </viewControllerScriptsDirectory>
          <viewControllerScriptsDirectory forControllerName="App">
            <viewScriptFile forActionName="test"/>
          </viewControllerScriptsDirectory>
          <viewControllerScriptsDirectory forControllerName="App">
            <viewScriptFile forActionName="getContactpoints"/>
          </viewControllerScriptsDirectory>
          <viewControllerScriptsDirectory forControllerName="App">
            <viewScriptFile forActionName="getContactpointTimestamp"/>
          </viewControllerScriptsDirectory>
          <viewControllerScriptsDirectory forControllerName="PatientRunThrough">
            <viewScriptFile forActionName="index"/>
          </viewControllerScriptsDirectory>
          <viewControllerScriptsDirectory forControllerName="PatientRunThrough">
            <viewScriptFile forActionName="emergencyCase"/>
          </viewControllerScriptsDirectory>
          <viewControllerScriptsDirectory forControllerName="PatientRunThrough">
            <viewScriptFile forActionName="maxim"/>
          </viewControllerScriptsDirectory>
          <viewControllerScriptsDirectory forControllerName="Index">
            <viewScriptFile forActionName="runThrough"/>
          </viewControllerScriptsDirectory>
          <viewControllerScriptsDirectory forControllerName="PatientRunThrough">
            <viewScriptFile forActionName="runThrough"/>
          </viewControllerScriptsDirectory>
          <viewControllerScriptsDirectory forControllerName="EmergencyCase">
            <viewScriptFile forActionName="runThrough"/>
          </viewControllerScriptsDirectory>
          <viewControllerScriptsDirectory forControllerName="Patient">
            <viewScriptFile forActionName="runThrough"/>
          </viewControllerScriptsDirectory>
        </viewScriptsDirectory>
        <viewHelpersDirectory/>
        <viewFiltersDirectory enabled="false"/>
      </viewsDirectory>
      <bootstrapFile filesystemName="Bootstrap.php"/>
    </applicationDirectory>
    <dataDirectory enabled="false">
      <cacheDirectory enabled="false"/>
      <searchIndexesDirectory enabled="false"/>
      <localesDirectory enabled="false"/>
      <logsDirectory enabled="false"/>
      <sessionsDirectory enabled="false"/>
      <uploadsDirectory enabled="false"/>
    </dataDirectory>
    <docsDirectory>
      <file filesystemName="README.txt"/>
    </docsDirectory>
    <libraryDirectory>
      <zfStandardLibraryDirectory enabled="false"/>
    </libraryDirectory>
    <publicDirectory>
      <publicStylesheetsDirectory enabled="false"/>
      <publicScriptsDirectory enabled="false"/>
      <publicImagesDirectory enabled="false"/>
      <publicIndexFile filesystemName="index.php"/>
      <htaccessFile filesystemName=".htaccess"/>
    </publicDirectory>
    <projectProvidersDirectory enabled="false"/>
    <temporaryDirectory enabled="false"/>
    <testsDirectory>
      <testPHPUnitConfigFile filesystemName="phpunit.xml"/>
      <testPHPUnitBootstrapFile filesystemName="bootstrap.php"/>
      <testApplicationDirectory>
        <testApplicationControllerDirectory>
          <testApplicationControllerFile forControllerName="Index">
            <testApplicationActionMethod forActionName="index"/>
            <testApplicationActionMethod forActionName="getPatient"/>
            <testApplicationActionMethod forActionName="runThrough"/>
          </testApplicationControllerFile>
          <testApplicationControllerFile forControllerName="Patient">
            <testApplicationActionMethod forActionName="index"/>
            <testApplicationActionMethod forActionName="create"/>
            <testApplicationActionMethod forActionName="edit"/>
            <testApplicationActionMethod forActionName="getpatients"/>
            <testApplicationActionMethod forActionName="list"/>
            <testApplicationActionMethod forActionName="editMaxim"/>
            <testApplicationActionMethod forActionName="editDistraction"/>
            <testApplicationActionMethod forActionName="saveDistraction"/>
            <testApplicationActionMethod forActionName="runThrough"/>
          </testApplicationControllerFile>
          <testApplicationControllerFile forControllerName="Auth">
            <testApplicationActionMethod forActionName="index"/>
            <testApplicationActionMethod forActionName="login"/>
            <testApplicationActionMethod forActionName="logout"/>
          </testApplicationControllerFile>
          <testApplicationControllerFile forControllerName="Maxim">
            <testApplicationActionMethod forActionName="index"/>
            <testApplicationActionMethod forActionName="edit"/>
            <testApplicationActionMethod forActionName="create"/>
            <testApplicationActionMethod forActionName="list"/>
          </testApplicationControllerFile>
          <testApplicationControllerFile forControllerName="Distraction">
            <testApplicationActionMethod forActionName="index"/>
            <testApplicationActionMethod forActionName="getDistractions"/>
            <testApplicationActionMethod forActionName="save"/>
            <testApplicationActionMethod forActionName="delete"/>
          </testApplicationControllerFile>
          <testApplicationControllerFile forControllerName="ContactPoint">
            <testApplicationActionMethod forActionName="index"/>
            <testApplicationActionMethod forActionName="create"/>
            <testApplicationActionMethod forActionName="edit"/>
            <testApplicationActionMethod forActionName="delete"/>
            <testApplicationActionMethod forActionName="getcontactpoints"/>
          </testApplicationControllerFile>
          <testApplicationControllerFile forControllerName="EmergencyCase">
            <testApplicationActionMethod forActionName="index"/>
            <testApplicationActionMethod forActionName="create"/>
            <testApplicationActionMethod forActionName="edit"/>
            <testApplicationActionMethod forActionName="runThrough"/>
          </testApplicationControllerFile>
          <testApplicationControllerFile forControllerName="App">
            <testApplicationActionMethod forActionName="index"/>
            <testApplicationActionMethod forActionName="test"/>
            <testApplicationActionMethod forActionName="getContactpoints"/>
            <testApplicationActionMethod forActionName="getContactpointTimestamp"/>
          </testApplicationControllerFile>
          <testApplicationControllerFile forControllerName="PatientRunThrough">
            <testApplicationActionMethod forActionName="index"/>
            <testApplicationActionMethod forActionName="emergencyCase"/>
            <testApplicationActionMethod forActionName="maxim"/>
            <testApplicationActionMethod forActionName="runThrough"/>
          </testApplicationControllerFile>
        </testApplicationControllerDirectory>
      </testApplicationDirectory>
      <testLibraryDirectory/>
    </testsDirectory>
  </projectDirectory>
</projectProfile>
